Feature,Importance
Recency,0.8566289700046759
Frequency,0.07281892096999372
Monetary,0.07055210902533054
