Country,order_count,customer_count,total_revenue
United Kingdom,958502,5350,17871351.347003758
EIRE,17349,5,664431.78000000934
Netherlands,5088,22,554232.34000000358
Germany,16694,107,431262.46100000112
France,13940,95,356944.59999999776
Australia,1812,15,169968.10999999967
Spain,3719,41,109178.52999999905
Switzerland,3136,22,101011.28999999964
Sweden,1338,19,91903.719999999943
Denmark,798,12,69862.189999999988
